ds,yhat,yhat_lower,yhat_upper
2025-01-01,218789.67226933772,-94819.36241261063,545625.5947486194
2025-01-02,232873.10813425767,-92713.74458177699,545970.4828721081
2025-01-03,179398.99006093625,-146268.84221303312,493898.6265120622
2025-01-04,262206.11633885093,-76120.10711302895,554854.5547245971
2025-01-05,275132.13625336863,-33823.2459805176,616538.7522925128
2025-01-06,213615.99854008068,-123052.83125735306,522154.36943345185
2025-01-07,211115.8509422184,-114364.78593209317,512663.94928209385
2025-01-08,218766.37682529332,-102002.65453418226,541480.2882030666
2025-01-09,232849.8126901835,-70756.27730044149,522094.4196334347
2025-01-10,179375.69461691915,-132982.7202286735,482693.4143788336
2025-01-11,262182.8208948318,-60395.96567538428,581068.4336769424
2025-01-12,275108.84080932895,-57633.52133757715,595335.8262558809
2025-01-13,213592.70309596127,-87452.7620560121,508855.48213899374
2025-01-14,211092.5554981184,-99042.65229446252,534003.7233074511
2025-01-15,218743.08138124895,-108483.43779950743,547107.2210996596
2025-01-16,232826.51724610318,-80001.39846838432,540823.6444851134
2025-01-17,179352.3991728154,-138364.20204847073,509617.0037104388
2025-01-18,262159.5254172195,-51691.204318889526,579110.518374743
2025-01-19,275085.54529874056,-7350.848937620513,592841.0179210062
2025-01-20,213569.40755232604,-92775.83417672463,528348.868801927
2025-01-21,211069.2599212634,-100510.73431353722,509950.6505901247
2025-01-22,218719.7857710696,-88879.64558309184,516036.47437833884
2025-01-23,232803.2216027488,-80471.83159710819,554930.5050839593
2025-01-24,179329.10349631179,-132916.91179892598,502490.3496530329
2025-01-25,262136.229740816,-58427.013772289574,580006.2996094301
2025-01-26,275062.2496222144,-39466.95454575582,604918.2496654297
2025-01-27,213546.11187572018,-77722.48209761783,560563.5407051333
2025-01-28,211045.9642446642,-95023.25266713934,528966.8817678621
2025-01-29,218696.49009453875,-106099.16063666549,540115.5516424716
2025-01-30,232779.92592618812,-96574.25646615923,527013.0362428908
2025-01-31,179305.80781974818,-132949.98139643838,498835.6076645934
2025-02-01,262112.93406431034,-54568.38187384824,547762.1982883909
2025-02-02,275038.9539458061,-34143.625220975504,606721.8577577022
2025-02-03,213522.8162167691,-100460.40554214559,524850.0172187968
2025-02-04,211022.6686034818,-130486.75100945286,509149.9034732585
2025-02-05,218673.1944710213,-111311.02689194708,507601.6972769724
2025-02-06,232756.63032024054,-100127.1695479,553498.2008207823
2025-02-07,179282.51223151857,-148590.79408638398,468687.94083328196
2025-02-08,262089.63849373354,-39045.82524682051,604116.4626948243
2025-02-09,275015.6583928636,-42528.84973941433,574698.4451381216
2025-02-10,213499.52066386808,-83017.19570912329,549270.8458671505
2025-02-11,210999.3730505734,-107703.81341025239,518607.32591639744
2025-02-12,218649.89891807406,-92499.05308541372,527324.6451059177
2025-02-13,232733.33476743576,-69428.51164133349,557054.726075136
2025-02-14,179259.2166785986,-125972.99445586532,470231.55005697516
2025-02-15,262066.34294091363,-55079.6686026045,569565.6150595179
2025-02-16,274992.36283979705,-46106.09216099912,579154.0029021668
2025-02-17,213476.22511084581,-113533.75291124696,524454.3088881669
2025-02-18,210976.07749755785,-107289.42763963818,525657.6958364947
2025-02-19,218626.60336253216,-96116.65254511966,533865.8163162832
2025-02-20,232710.0392092634,-76232.76386638614,560161.3723638935
2025-02-21,179235.92111780815,-135170.5764484529,505003.3197675086
2025-02-22,262043.04737761314,-64102.46245760247,567501.2575687208
2025-02-23,274969.0672738814,-63862.837656680786,597246.818355507
2025-02-24,213452.92954250524,-93422.77651409041,537545.4405585587
2025-02-25,210952.78192648708,-103152.52134491624,543887.966016304
2025-02-26,218603.30779147163,-116153.06759475668,511848.0548744588
2025-02-27,232686.74363812403,-98187.43191458548,557465.6948430835
2025-02-28,179212.62554672585,-136243.41830644922,510652.3027267596
2025-03-01,262019.7518062501,-58855.60222175847,566320.7361762956
2025-03-02,274945.7717027765,-53553.953424509105,588860.0842599696
2025-03-03,213429.63397132067,-113304.50925100749,517216.9828337113
2025-03-04,210929.4863553219,-113728.8092172059,499761.77507293475
2025-03-05,218580.012220362,-84475.27648353291,547947.3273971389
2025-03-06,232663.4480669785,-67934.4036499888,558709.2677355958
2025-03-07,179189.3299575771,-126497.25479348443,512348.71698314196
2025-03-08,261996.45619903295,-46497.98645397659,570504.4513356894
2025-03-09,274922.47607734846,-50614.06508834849,595998.1723550919
2025-03-10,213406.33832787047,-110961.9786688575,512687.43209960894
2025-03-11,210906.19069391908,-106545.37112835604,525413.2920430945
2025-03-12,218556.7165407809,-87899.19855974444,519763.399213361
2025-03-13,232640.1523693682,-87179.73402604107,553820.0394690998
2025-03-14,179166.03425996995,-135811.97957155242,492960.9362213714
2025-03-15,261973.16050158587,-44313.83463974688,586789.6194190587
2025-03-16,274899.18037977867,-40888.273290444886,596538.5954869884
2025-03-17,213383.04263047045,-75830.22373696986,550389.4493081091
2025-03-18,210882.89499638355,-97071.30055830674,534716.2978094477
2025-03-19,218533.4208432065,-112670.1330249958,510325.14593324816
2025-03-20,232616.85667193632,-92990.90726047251,547759.4584613217
2025-03-21,179142.73856242286,-130107.86367359616,487822.3376424904
2025-03-22,261949.86480403674,-49408.26222696759,584078.0286651879
2025-03-23,274875.88467155024,-38436.31837448904,598518.0527900787
2025-03-24,213359.74691126778,-81062.72051524943,538324.2399318602
2025-03-25,210859.5992664236,-88895.2272016011,518361.78483590035
2025-03-26,218510.12510257456,-93969.82312939633,514075.4511621021
2025-03-27,232593.5609204428,-87623.10799391457,538769.7550048595
2025-03-28,179119.44280012927,-157439.03451751708,499607.4404405343
2025-03-29,261926.56903105107,-49845.95309592992,593857.5425322206
2025-03-30,274852.5888985441,-54953.077477739025,587102.0354876119
2025-03-31,213336.4511383031,-102628.59590698488,521991.6993302807
2025-04-01,210836.30349345156,-95794.81465143726,515128.03059884853
2025-04-02,218486.82932956365,-89290.774519751,546202.6061015234
2025-04-03,232570.26514739598,-87170.82236244643,536064.2628094922
2025-04-04,179096.14702714566,-150086.20972929918,501419.81472924433
2025-04-05,261903.27325816755,-55385.46466609041,550445.3309199559
2025-04-06,274829.29312553786,-54373.397153459424,582072.9930340616
2025-04-07,213313.15536521722,-106991.54914785366,510575.31446639367
2025-04-08,210813.007716819,-98651.70368419381,515188.77332174766
2025-04-09,218463.53354944606,-89528.59333070267,514774.6180888246
2025-04-10,232546.96936369533,-83651.08790656307,540648.2934787599
2025-04-11,179072.85123988858,-155795.12159668136,475955.7186242598
2025-04-12,261879.97746741518,-58908.381897800355,567772.041708247
2025-04-13,274805.9973313295,-46814.86927446724,572342.175440419
2025-04-14,213289.85956725798,-108975.10011120234,551720.4756661603
2025-04-15,210789.71191897363,-106617.82811960105,531206.3309105857
2025-04-16,218440.23775148872,-74189.33676055179,511561.2589528639
2025-04-17,232523.67356577516,-99248.28539671762,520575.4227563273
2025-04-18,179049.55544203168,-128735.12228496252,496712.45379111206
2025-04-19,261856.6816692775,-49581.50783450571,589990.362194355
2025-04-20,274782.70153345,-45372.06301197949,602326.0827874016
2025-04-21,213266.56376941997,-99404.14703917601,562727.8689080449
2025-04-22,210766.41612103372,-93891.67059783476,543913.8465553172
2025-04-23,218416.94195360446,-128521.57308094615,508354.70263587084
2025-04-24,232500.3778063855,-71505.27525369922,533473.2316820147
2025-04-25,179026.25972087897,-133156.94382854053,503996.6603811364
2025-04-26,261833.3859864749,-60742.98544315681,570993.753498667
2025-04-27,274759.405888855,-35333.36049718462,583850.3060984669
2025-04-28,213243.2681632214,-98429.06835566074,534890.6140758336
2025-04-29,210743.12055330112,-120092.27774358547,520341.5375021496
2025-04-30,218393.6464241852,-110375.93250283542,525380.6882296493
2025-05-01,232477.0822769303,-90672.46069560491,560170.5775359946
2025-05-02,179002.9641914269,-139722.7407297371,506671.0537561333
2025-05-03,261810.09045708083,-45534.44591133104,550292.0578040575
2025-05-04,274736.1103594404,-45225.53582404294,584452.666726986
2025-05-05,213219.97263397646,-112874.4344131824,541889.692146262
2025-05-06,210719.82502392068,-123239.96106146192,523524.0219228533
2025-05-07,218370.35089481488,-91868.16340516224,525396.9164132206
2025-05-08,232453.78674748124,-74191.6108293187,553291.9679731585
2025-05-09,178979.66866203488,-133419.62386858586,493431.5565245274
2025-05-10,261783.69452524607,-76875.19821880518,574106.3758828097
2025-05-11,274706.6140257018,-47416.2772221164,585727.2713744006
2025-05-12,213187.37589799624,-84441.66564903816,527758.3770527386
2025-05-13,210684.12788579782,-104722.91492906149,507392.0521359105
2025-05-14,218331.5533545857,-104671.08423821186,563081.7571088237
2025-05-15,232411.88880505416,-73137.80879114468,571302.1272828694
2025-05-16,178934.67031742237,-128076.41791319744,487495.8377489575
2025-05-17,261738.69618071814,-60239.591297682324,581578.7697812184
2025-05-18,274661.6156810294,-43485.74549573785,601699.2063389192
2025-05-19,213142.37755348932,-129493.72856990219,512138.4302493311
2025-05-20,210639.12954127078,-112479.27548203181,547587.8488533574
2025-05-21,218286.55500995938,-95320.10304639809,551012.9412446022
2025-05-22,232366.8904604651,-72224.9292134287,540503.2450923547
2025-05-23,178889.67197289644,-135980.811216896,484710.26074414223
2025-05-24,261693.69783629233,-58976.073205143744,592912.5679591793
2025-05-25,274616.6173364809,-35287.17131168773,593134.4955182037
2025-05-26,213097.37878160036,-79064.23768952841,538097.5141353097
2025-05-27,210594.13034223503,-107735.736409803,514195.7885147544
2025-05-28,218241.55538362404,-93128.34577944016,546713.1328507118
2025-05-29,232321.89040683926,-113561.58528318976,528742.6765534172
2025-05-30,178844.67149206702,-112789.45013990471,506243.47521161643
2025-05-31,261648.69692820014,-57410.25577408839,561848.746961473
2025-06-01,274571.6160012253,-29843.997511722675,565516.5099333277
2025-06-02,213052.3774461473,-87218.19769991457,531184.6106173238
2025-06-03,210549.1290068013,-89820.6725476351,535374.5662835434
2025-06-04,218196.55404829493,-88844.86258621587,514670.7703490885
2025-06-05,232276.88907142525,-85213.492416524,528031.9676022142
2025-06-06,178799.67015662952,-117010.04622089026,503005.8986030877
2025-06-07,261603.69559284727,-74337.16123874484,595621.4545045763
2025-06-08,274526.6146658519,-51394.99518720102,567877.8865348964
2025-06-09,213007.37611081538,-101890.73922050593,531238.3559809292
2025-06-10,210504.12767146205,-113750.03422282795,526826.6877077157
2025-06-11,218151.54164715123,-88757.98119754673,530631.8058967812
2025-06-12,232231.86560465844,-81222.32889032792,526791.6327884983
2025-06-13,178754.63562398189,-140398.2749343163,491533.8128968905
2025-06-14,261558.6499945341,-76014.3497267705,586012.8277551098
2025-06-15,274481.5580015265,-30098.90140415389,587626.4947581276
2025-06-16,212962.30838089678,-109207.68809713176,550208.8645496885
2025-06-17,210459.04887565633,-113245.0407378306,532415.0557367824
2025-06-18,218106.46285141385,-93660.3237488187,526062.0081386992
2025-06-19,232186.7868088851,-57721.853413035,526840.1746537836
2025-06-20,178709.55682821167,-140757.36310869208,504198.36584928964
2025-06-21,261513.57119882194,-64954.763666811596,581749.5316976085
2025-06-22,274436.4792057938,-58616.50777625527,583429.75221823
2025-06-23,212917.2295850844,-78001.68868146864,531753.3600686037
2025-06-24,210413.97007995774,-124957.25423725133,529820.0310667984
2025-06-25,218061.38405572547,-94884.62319299605,512424.1705052848
2025-06-26,232141.70801311792,-83511.02091027217,545255.4656919315
2025-06-27,178664.4780202509,-110889.10645457446,489431.7586880051
2025-06-28,261468.4923783297,-60827.374395235456,573126.2590504299
2025-06-29,274391.40037330915,-49831.03297110832,584320.4303258089
2025-06-30,212872.15074039059,-84700.7170314756,522054.079529402
2025-07-01,210368.89122291142,-95751.13711220633,521454.0442599407
2025-07-02,218016.30518648413,-65154.096212854776,523957.42107671656
2025-07-03,232096.62913176225,-84233.55527661799,553043.8972016388
2025-07-04,178619.39913878622,-136543.35901409388,515773.6850244181
2025-07-05,261423.41349686298,-77541.0089951829,569023.6582371572
2025-07-06,274346.32149169786,-33706.70503073453,594422.9775554466
2025-07-07,212827.0718588236,-108502.4606732326,549485.7231283316
2025-07-08,210323.81234145828,-107758.58096836237,517945.8800657993
2025-07-09,217971.22630491902,-90701.50191497749,536466.858516249
2025-07-10,232051.5502502344,-80838.74076878036,544777.7076287247
2025-07-11,178574.32025726145,-133995.6694446624,493419.0494510922
2025-07-12,261378.33461549832,-61455.033930699356,566858.0241508866
2025-07-13,274301.2425849172,-45550.582771954614,569966.4222677292
2025-07-14,212781.99292643575,-99377.24501414603,522780.63645541086
2025-07-15,210278.7333833998,-136937.28995099795,505097.40931215824
2025-07-16,217926.14732128655,-107121.20068959655,528648.881127649
2025-07-17,232006.47124103704,-73057.53571492119,562086.0669066216
2025-07-18,178529.24122258605,-147586.5770195451,484722.70070031605
2025-07-19,261333.25555528578,-51795.9821840418,578321.3656996357
2025-07-20,274256.1635246842,-39288.35395131973,587980.7975763789
2025-07-21,212736.913866123,-124667.65656861216,533924.2498979002
2025-07-22,210233.65432310643,-103888.36219677857,520492.149583828
2025-07-23,217881.06826109783,-105102.6236757435,514948.15720997576
2025-07-24,231961.39218076342,-89060.38944171295,556292.6256413101
2025-07-25,178484.16216228897,-131591.7359326936,506768.59142632934
2025-07-26,261288.17649507328,-32774.68317544392,573605.377353827
2025-07-27,274211.08446432714,-54996.04349166179,578788.2317466644
2025-07-28,212691.83472120794,-74004.66994262087,534683.1365040602
2025-07-29,210188.5750934605,-95604.54706715995,544019.3125440578
2025-07-30,217835.98894656738,-86799.92802724421,530090.9634330996
2025-07-31,231916.31278159565,-83426.40996905524,556559.4117951626
2025-08-01,178439.08267846092,-153122.9476772299,526313.6044781136
2025-08-02,261243.0969266218,-66232.0571953466,570304.7778308332
2025-08-03,274166.00481102953,-37421.68803264124,587426.8945123517
2025-08-04,212646.7550678306,-112278.73767475782,528363.3954928623
2025-08-05,210143.49544008978,-105063.49120717245,529046.0136578745
2025-08-06,217790.90929326505,-83988.10442307868,546624.4574896459
2025-08-07,231871.23312826356,-98163.74846211512,541938.1474632721
2025-08-08,178394.00302512577,-130119.7953516007,502570.3570589917
2025-08-09,261198.01727334468,-50324.78382816539,562270.3838865671
2025-08-10,274120.92515784974,-33564.42870420461,597364.5386689731
2025-08-11,212601.67541445323,-107347.89197655793,515116.46034274506
2025-08-12,210098.4157868263,-133707.4749436992,524421.529347351
2025-08-13,217745.82950998304,-83065.62899401391,540224.1880680437
2025-08-14,231826.15321486804,-60014.376022625154,547492.9308267544
2025-08-15,178348.92298176483,-144646.27767412402,490006.8358259191
2025-08-16,261152.9370995722,-41951.68975263888,556809.2696732838
2025-08-17,274075.8448544089,-53559.51319434076,589407.5884932065
2025-08-18,212556.59498102526,-119792.7956437251,528760.047043654
2025-08-19,210053.33522326782,-99741.14063598934,519134.8262842437
2025-08-20,217700.7489464802,-119461.8747137824,525668.3852904907
2025-08-21,231781.07265150762,-54887.820375250645,556525.2436521134
2025-08-22,178303.84241828922,-131461.28678463475,483073.6684850903
2025-08-23,261107.85653619666,-40958.709567827085,570493.2274912618
2025-08-24,274030.76429078676,-46252.070213753745,588839.1801609468
2025-08-25,212511.51441744738,-102559.83228830526,523012.05292409996
2025-08-26,210008.25465979107,-88719.37827566371,510632.7248657304
2025-08-27,217655.66838297728,-110828.54385135049,521417.4376760076
2025-08-28,231735.9920879688,-96523.59867618851,554195.4903655231
2025-08-29,178258.76184546744,-150898.93846778778,507018.5716876932
2025-08-30,261062.77595414678,-60509.54562443652,566455.7386924482
2025-08-31,273985.6836994302,-24722.978159549693,599186.0824209019
2025-09-01,212466.4338169745,-98509.75961848834,522180.5074760911
2025-09-02,209963.17404989654,-86196.94606161297,538914.4120736647
2025-09-03,217610.58776380683,-111517.40705995478,513705.1823451973
2025-09-04,231690.9114594335,-102370.76143870865,512163.04900483205
2025-09-05,178213.68121698918,-147320.52004238666,478409.5708330972
2025-09-06,261017.69532538782,-57772.929961825335,579803.2091111923
2025-09-07,273940.60307092936,-56622.811244714736,591367.6736548557
2025-09-08,212421.35318839396,-94083.14338293781,517077.5612491076
2025-09-09,209918.09342133536,-106956.88164805764,513753.15641764505
2025-09-10,217565.5071353013,-111667.77080502843,528479.0293035056
2025-09-11,231645.83083089205,-92178.54059280433,557059.6675111951
2025-09-12,178168.60058848435,-160712.56256455005,498478.1004600228
2025-09-13,260972.61469690758,-38163.86699936691,577211.2056870277
2025-09-14,273895.5224041217,-51023.27965773386,599556.2181432828
2025-09-15,212376.27248356884,-94739.07933155434,511411.2392432619
2025-09-16,209873.01267831997,-98920.45874593877,532708.7391278232
2025-09-17,217520.42635399103,-97994.81928677752,532092.0142487196
2025-09-18,231600.75001143606,-95892.89263298358,545017.5696108231
2025-09-19,178123.51973084855,-134587.6059715098,491660.0944528218
2025-09-20,260927.533801249,-46350.7754747333,587349.7257203365
2025-09-21,273850.4415083404,-25273.00248717418,590729.8127632283
2025-09-22,212331.19158770787,-97623.28000222777,503106.8399104447
2025-09-23,209827.93178257288,-110490.32992620899,502119.3389869814
2025-09-24,217475.34545820506,-105227.29144859783,517158.49603905564
2025-09-25,231555.66911562035,-74921.355245403,570279.6769275817
2025-09-26,178078.43883508985,-148348.91349896358,503717.1534729338
2025-09-27,260882.4529054882,-100924.9965594341,573565.676061294
2025-09-28,273805.36061267706,-23972.491023150058,585417.6270591767
2025-09-29,212286.11069197507,-111785.34721140919,530042.4923435687
2025-09-30,209782.85085461164,-107040.97856999273,532348.6563085883
2025-10-01,217430.2644982289,-102489.83489285187,521108.86775945785
2025-10-02,231510.58812343964,-91642.0756165148,555881.9115440634
2025-10-03,178033.35781076615,-151656.39803815648,499713.4842710631
2025-10-04,260837.3718491295,-63327.41738147165,566305.8742595983
2025-10-05,273760.2795241782,-32027.126073337095,585924.4812324413
2025-10-06,212241.0295713982,-126280.59656924426,521999.87311952765
2025-10-07,209737.7697340274,-99832.44839622853,542297.0715250103
2025-10-08,217385.18337760578,-103740.05500037069,536121.2521169268
2025-10-09,231465.5070029529,-87411.95892196517,535543.6306874878
2025-10-10,177988.27669017034,-153831.75601115447,498526.7889783234
2025-10-11,260792.29072863376,-20011.694619100046,582610.3851508889
2025-10-12,273715.1984034358,-77210.15524804298,572053.9151027079
2025-10-13,212195.9484507001,-113992.80556820931,529153.7026775609
2025-10-14,209692.68861333595,-119270.20662026104,522852.22517872596
2025-10-15,217340.1022569827,-91121.35739731649,553591.0976355508
2025-10-16,231420.4258820529,-73260.92318326577,557644.1937817235
2025-10-17,177943.19556902014,-118429.6009154803,479370.3362107169
2025-10-18,260747.20960729444,-49409.96782096183,564366.8399554665
2025-10-19,273670.1172818288,-37194.72938093987,580529.2674395501
2025-10-20,212150.86732876618,-94106.1155171064,535990.4721629171
2025-10-21,209647.6074912687,-86898.96762735471,523193.5802171577
2025-10-22,217295.02113467845,-112383.47629590365,542192.422673224
2025-10-23,231375.34475966368,-95590.98522378407,544864.9995581006
2025-10-24,177898.11444669415,-114757.50706044395,497440.64420673484
2025-10-25,260702.12848468768,-66908.58227255756,560064.9295685607
2025-10-26,273625.036159722,-20304.010632397425,593066.9656989324
2025-10-27,212105.78620645913,-94588.6694152815,521086.2503018119
2025-10-28,209602.5263688598,-95551.81487010549,536670.7727027034
2025-10-29,217249.94001232518,-106583.50111585807,512199.2450509762
2025-10-30,231330.26363745288,-57944.46238011629,548547.3684705561
2025-10-31,177853.03332436818,-131724.35527561477,523498.2205125811
2025-11-01,260657.04733878988,-40330.24264816626,589635.1480953778
2025-11-02,273579.95499010995,-29537.41064389828,568275.1378204504
2025-11-03,212060.7050133216,-111529.07951975356,519018.4827736831
2025-11-04,209557.44515226636,-111354.5070492966,521016.4117494429
2025-11-05,217204.85877204998,-99301.60922903015,522117.24897463265
2025-11-06,231285.18237364513,-94047.35301436382,542091.9000797025
2025-11-07,177807.9520369938,-161087.53669525727,482529.7412086142
2025-11-08,260611.96605157567,-67539.96367456716,567559.214766794
2025-11-09,273534.87370277307,-50242.87659304879,573686.6759562436
2025-11-10,212015.6237261544,-109141.86052075116,524669.3384518527
2025-11-11,209512.3638649636,-99007.71291764088,540656.1714445823
2025-11-12,217159.7774847084,-83602.92194809053,527150.4694870623
2025-11-13,231240.1010862738,-88904.3165893284,559148.5775115627
2025-11-14,177762.8707496795,-156379.79928008214,486148.6976178079
2025-11-15,260566.88476425927,-47547.32858818592,588912.1448489074
2025-11-16,273489.7924154362,-33569.66956617931,589226.9995025182
2025-11-17,211970.542434587,-107364.98277119186,542318.1867784582
2025-11-18,209467.2825692648,-97870.25884259252,524850.1502577431
2025-11-19,217114.69618491438,-110373.74573108433,510666.8320509578
2025-11-20,231195.0197822931,-105402.16191667733,524742.254539894
2025-11-21,177717.78944152454,-123061.06503045833,498626.28131534957
2025-11-22,260521.80345165732,-53239.792796441616,573984.0582420082
2025-11-23,273444.71109891974,-47284.796176626456,578460.1968468255
2025-11-24,211925.46111823604,-135642.20774345883,510988.1157318563
2025-11-25,209422.20125290644,-88492.35537505217,508596.6836901205
2025-11-26,217069.61486844407,-106883.464826457,534770.3457243611
2025-11-27,231149.93846585997,-75987.5473776472,561043.6753456809
2025-11-28,177672.70812515466,-150655.69812472872,492542.14006374025
2025-11-29,260476.72213538754,-50183.35533424273,579420.073422642
2025-11-30,273399.6297825273,-29354.85982734761,591720.6320817589
2025-12-01,211880.37980176386,-84290.72736639649,518019.9071864031
2025-12-02,209377.11993644093,-96783.51100783634,509707.89049708965
2025-12-03,217024.53355253674,-99535.42626494243,543267.429674169
2025-12-04,231104.85715041272,-117724.89805872833,538927.3468130986
2025-12-05,177627.6268101942,-141157.09859822766,500984.2929711401
2025-12-06,260431.64082097492,-42614.12669995068,567072.1085110808
2025-12-07,273354.54846870183,-35764.789552423455,576263.5612855583
2025-12-08,211835.29848823074,-113911.63527409213,504960.4890059955
2025-12-09,209332.0386235115,-126219.94170130166,511262.5659985682
2025-12-10,216979.45223961747,-98950.88987378089,538324.4054811635
2025-12-11,231059.77583740855,-78499.9681672779,521789.9984064582
2025-12-12,177582.54549725325,-129508.00644558268,486342.99999150814
2025-12-13,260386.5595080319,-70057.58457766341,562410.6010972908
2025-12-14,273309.46715573827,-47310.75421046532,581845.0721162898
2025-12-15,211790.21717530867,-100087.61753893273,510221.43041047995
2025-12-16,209286.95731058205,-107644.24527026658,503310.7732130325
2025-12-17,216934.3709266492,-83199.38325953519,525331.1590062202
2025-12-18,231014.69452458274,-89693.85384533163,550890.2890184551
2025-12-19,177537.4641777858,-150434.83993479997,509384.3353241279
2025-12-20,260341.47818213806,-68258.69489241578,576588.8341234626
2025-12-21,273264.38582307135,-32347.25553854097,589058.538375743
2025-12-22,211745.13583615964,-119000.27591616656,525145.9942236238
2025-12-23,209241.87596491323,-136392.3300823291,542511.4963144695
2025-12-24,216889.28957452226,-118817.1767487201,537691.5057149215
2025-12-25,230969.6131658935,-79004.48252219793,553300.4292627953
2025-12-26,177492.38281907307,-143272.30641660222,488610.62578214105
2025-12-27,260296.39682350995,-54315.77849467448,559743.319230064
2025-12-28,273219.3044644227,-61805.48717556635,601002.1586182443
2025-12-29,211700.05447768068,-116310.1161265697,518562.07407332887
2025-12-30,209196.79460629873,-105401.4195087799,532913.233889891
2025-12-31,216844.20821591798,-133356.5012033696,537694.7775704165
2026-01-01,230924.53180721038,-98460.13084535315,537657.7624852068
2026-01-02,177447.30146044702,-121808.86521974615,479719.11967545695
2026-01-03,260251.31546460322,-72438.37491656141,548031.7236491233
2026-01-04,273174.22312390263,-33606.425361203845,563663.486353884
2026-01-05,211654.97315520945,-110345.1976193751,518593.3951509632
2026-01-06,209151.7133019754,-86695.47379017605,503366.2251341032
2026-01-07,216799.12692977872,-93604.16181573643,551562.9200806476
2026-01-08,230879.4505391638,-81426.09191092446,546299.2022336982
2026-01-09,177402.22021059215,-121828.94187873193,507848.62318104255
2026-01-10,260206.23423287482,-60483.19949723786,574755.7121569499
2026-01-11,273129.1418920298,-38489.8478178002,601318.6328327606
2026-01-12,211609.89192338078,-101258.40308400315,507690.7949298216
2026-01-13,209106.63207026062,-93091.14365209019,522327.0497377611
2026-01-14,216754.045697952,-105131.97210814696,529439.2564412453
2026-01-15,230834.3693073743,-87637.21225913646,546709.0494959614
2026-01-16,177357.13897880574,-128929.22991122163,474565.3225772828
2026-01-17,260161.15300124855,-66216.15304993225,572991.8879319885
2026-01-18,273084.0606602808,-24128.661318454142,620037.768520585
2026-01-19,211564.8106918015,-100355.4601403599,497087.2060168587
2026-01-20,209061.5508445927,-120008.29369751514,515874.899316901
2026-01-21,216708.9644782921,-98654.70711561575,559001.0562639759
2026-01-22,230789.28809390377,-73230.85633682802,556044.965526375
2026-01-23,177312.05777126696,-157356.9483642909,475798.9485845425
2026-01-24,260116.07179975457,-67765.53545060739,556238.8975424633
2026-01-25,273038.97946493106,-39418.04830218846,586403.8234473547
2026-01-26,211519.72950230117,-125374.48642414236,534968.790982732
2026-01-27,209016.4696551117,-128088.26181280246,524334.1817174888
2026-01-28,216663.8832889158,-103769.10265705915,506734.90780369233
2026-01-29,230744.20690444252,-95899.68435153323,565697.7904558158
2026-01-30,177266.97658178225,-134680.06351611347,479504.7531398447
2026-01-31,260070.99061035443,-78416.93763872536,577130.3482330758
2026-02-01,272993.8982755104,-37131.223660843316,580243.0357071604
2026-02-02,211474.648312922,-96354.72238621814,507184.14197362185
2026-02-03,208971.3884657252,-114704.69874758684,523330.71881137113
2026-02-04,216618.8020994904,-86918.63757363445,530021.615272753
2026-02-05,230699.1256996218,-95117.46627741604,545426.6637748933
2026-02-06,177221.89536166526,-143261.32017710494,496007.70194053464
2026-02-07,260025.9093749781,-60965.471083238204,568307.3248149332
2026-02-08,272948.817024652,-13404.51578204822,592772.5978993798
2026-02-09,211429.56704662443,-86161.12203525088,524707.6850842836
2026-02-10,208926.3071840748,-73065.38871915922,527207.0999171395
2026-02-11,216573.72080254892,-97954.04072882896,551984.9240562869
2026-02-12,230654.0444026505,-143281.32511542374,541488.627289539
2026-02-13,177176.81406469096,-156721.43311434693,499643.26427499036
2026-02-14,259980.82807806184,-63023.20412471255,570526.3737508665
2026-02-15,272903.73572783306,-45635.0902377394,585942.3716863163
2026-02-16,211384.48574960793,-95244.80040568778,508948.90656926023
2026-02-17,208881.22588717216,-121930.32962460282,520367.6782952953
2026-02-18,216528.63950565647,-94171.04810396828,518770.4226941705
2026-02-19,230608.96310567312,-73715.14492093395,537045.9030699703
2026-02-20,177131.73276777676,-144815.71148442518,491828.53010532993
2026-02-21,259935.74678086693,-43891.04822074714,591928.1839896477
2026-02-22,272858.6544308962,-39327.714965908,565340.2607540635
2026-02-23,211339.40445271268,-94188.69588844177,532394.2266419047
2026-02-24,208836.14459017507,-110206.81603669499,527605.4782471313
2026-02-25,216483.5582085928,-120098.54837435101,523920.3660367284
2026-02-26,230563.8818088741,-86036.01143313799,548987.3365011326
2026-02-27,177086.6514708626,-146913.11359068312,480755.1462417467
2026-02-28,259890.66548395064,-39586.061531613195,564572.1376799692
2026-03-01,272813.5731338355,-30451.022539450827,605725.8777554356
2026-03-02,211294.3231556962,-94201.45892258306,548427.7421279716
2026-03-03,208791.0632932724,-101837.46240783346,550216.3851096944
2026-03-04,216438.47691165132,-88403.6297743672,534087.4357149513
2026-03-05,230518.8005118967,-84324.66704298636,559514.5146907794
2026-03-06,177041.5701738883,-136138.1575741175,504227.96927848
2026-03-07,259845.58418703437,-49793.762978228275,569687.3683505278
2026-03-08,272768.4918368987,-35256.179020273994,585383.0289655492
2026-03-09,211249.24185892905,-105859.41970004066,527396.6404898276
2026-03-10,208745.98199636975,-105400.83782863733,522755.75751017046
2026-03-11,216393.39561475883,-122844.8336016463,521381.3570993607
2026-03-12,230473.71921492543,-87640.66606457789,541559.2373792962
2026-03-13,176996.4888769741,-130338.05955062858,472925.8403314999
2026-03-14,259800.50288983947,-55665.702414651896,579656.4452818198
2026-03-15,272723.4105399619,-57337.126126490315,570978.5491110563
2026-03-16,211204.16056191258,-109433.25569960078,525074.6260451501
2026-03-17,208700.90069937264,-96224.54345152194,536449.2353646993
2026-03-18,216348.3143178173,-95367.03234374897,531587.6090174401
2026-03-19,230428.63791794804,-72969.28522358133,543414.12813945
2026-03-20,176951.40757997325,-130043.09028791603,487390.41194680956
2026-03-21,259755.42159292317,-24830.07119206137,574501.5496773917
2026-03-22,272678.3292429011,-68254.64810633552,597675.1518220028
2026-03-23,211159.07926501735,-110413.78203394476,533439.1251566339
2026-03-24,208655.81940245727,-118221.25614868931,510191.73411639314
2026-03-25,216303.23302080273,-116931.42175742851,549194.8428309299
2026-03-26,230383.55662097063,-97056.7529144105,525898.0780321201
2026-03-27,176906.32628305902,-135974.6354248165,490494.04498635937
2026-03-28,259710.34029610903,-51712.327121945964,575646.4092698307
2026-03-29,272633.24794596434,-58916.04087583707,579684.1598852376
2026-03-30,211113.99796800085,-113911.04155055349,524000.6517926525
2026-03-31,208610.73810555463,-99539.80808630443,511912.47961575724
2026-04-01,216258.15172386123,-104705.29095567606,527572.2359814807
2026-04-02,230338.4753239994,-113838.5946057008,544001.566783634
2026-04-03,176861.24498608476,-123163.03704250112,501892.31476780266
2026-04-04,259665.2589991928,-63522.49396679387,579627.0657619162
2026-04-05,272588.1666491454,-46541.73897042525,591956.52888967
2026-04-06,211068.91667098436,-90683.56633920773,515102.9097418173
2026-04-07,208565.6568085575,-110161.25511447778,510961.07969819836
2026-04-08,216213.07042696877,-114254.24834206486,535731.5791537808
2026-04-09,230293.39402702195,-72390.01369080783,559469.9191688017
2026-04-10,176816.16368914396,-134641.96252563066,502231.6248882996
2026-04-11,259620.17770227656,-53810.832783641905,568959.006564109
2026-04-12,272543.0853522086,-41401.27965740545,596511.7876866817
2026-04-13,211023.8353740891,-95365.78531605755,535259.9509634168
2026-04-14,208520.57551165487,-117235.6745969988,522223.2088489667
2026-04-15,216167.98913002727,-95651.87903504855,518355.2831910866
2026-04-16,230248.31273022294,-98132.85938148567,547372.2987306376
2026-04-17,176771.0823922298,-162189.23071830496,483178.98891644477
2026-04-18,259575.0964054624,-65886.45301312358,558530.5679531996
2026-04-19,272498.0040551479,-41837.266822792684,596796.1138098768
2026-04-20,210978.75407720075,-87646.34692511527,518659.8658990897
2026-04-21,208475.49421464503,-106505.00286729477,552823.002517412
2026-04-22,216122.90783308574,-93730.5065755636,537364.7569921042
2026-04-23,230203.2314332456,-69285.03299419253,549727.3535122161
2026-04-24,176726.0010952555,-151530.08094658927,493294.3057003656
2026-04-25,259530.01510854613,-35690.92217935862,584321.8107323976
2026-04-26,272452.9227582111,-34962.427730180745,590632.2123064472
2026-04-27,210933.67278018425,-102655.9187772648,530823.6884816237
2026-04-28,208430.4129177424,-129527.09306246336,513793.4769050705
2026-04-29,216077.82653619332,-91986.13297483748,525411.9607405409
2026-04-30,230158.15013627426,-82118.11243073658,558088.2215717861
2026-05-01,176680.9197983413,-117680.67108910102,492607.27924796025
2026-05-02,259484.9338113512,-56052.677159398234,572400.9059350317
2026-05-03,272407.84146127425,-19062.021608449355,600526.3153819877
2026-05-04,210888.59148328897,-84501.23101463726,543568.235447299
2026-05-05,208385.33162074527,-113916.68932531044,517220.9275523436
2026-05-06,216032.74523925176,-99991.78710057898,529267.5700261898
2026-05-07,230113.06883946914,-97684.92351610317,544047.9053198784
2026-05-08,176635.83850142712,-128152.7010582838,503459.0439674889
2026-05-09,259439.85251443493,-50067.49357383078,574695.1554668809
2026-05-10,272362.76016421354,-43332.41269006884,601202.9713656042
2026-05-11,210843.5101862725,-107100.74095021357,522652.7883938847
2026-05-12,208340.25032384263,-105432.60298248088,518929.881551438
2026-05-13,215987.66394223718,-105110.1963382802,536836.3226578437
2026-05-14,230067.98754249176,-74587.79952888112,537695.3682616885
2026-05-15,176590.7572044528,-129844.92639488552,484916.466778682
2026-05-16,259394.77121762082,-36905.32680242245,576385.2437660478
2026-05-17,272317.67886727676,-32478.879750463548,576735.9070689699
2026-05-18,210798.4288895054,-99556.2553399712,535802.0189488746
2026-05-19,208295.16902693998,-118614.65522528702,535733.0167588168
2026-05-20,215942.5826452957,-114629.82327153646,567211.8585106434
2026-05-21,230022.90624552045,-109038.75315818361,515704.2291161953
2026-05-22,176545.67590753862,-141583.87671475805,469164.716798049
2026-05-23,259349.68992070452,-47861.91996185967,578853.3447934503
2026-05-24,272272.5975705817,-29791.991390938256,576839.0679155173
2026-05-25,210753.3475924889,-97423.33338585348,530639.834110778
2026-05-26,208250.08772994287,-115397.15062054202,509621.84038107976
2026-05-27,215897.5013484032,-82713.76993818975,535759.8532600909
2026-05-28,229977.82494854307,-83939.97590115691,557981.2682766296
2026-05-29,176500.59461053778,-157864.84799047216,475804.26997843856
2026-05-30,259304.60862378828,-62777.90608230295,557085.3304763112
2026-05-31,272227.516273521,-45551.102080695855,602808.3079717604
2026-06-01,210708.26629559364,-107793.0295463866,527456.0573921235
2026-06-02,208205.00643304025,-102978.68407296255,539439.7598872095
2026-06-03,215852.42005133958,-90314.45091246796,548888.1224979254
2026-06-04,229932.7436515657,-90579.7090868647,594200.2376848445
2026-06-05,176455.51331362355,-128447.83615469353,485615.7232780392
2026-06-06,259259.52732697414,-69534.45561646282,566490.0684686129
2026-06-07,272182.43497658416,-44596.10512621035,573567.6657195244
2026-06-08,210663.18499857717,-107429.61536811154,521946.2008265015
2026-06-09,208159.9251360304,-104332.356548284,538733.2918349041
2026-06-10,215807.33875439808,-87649.75245203981,534479.6068919058
2026-06-11,229887.66235459442,-66884.36748248091,551441.9768235866
2026-06-12,176410.43201664925,-138733.18629079443,482284.71992164454
2026-06-13,259214.44603005788,-43925.13049343439,590297.7774541093
2026-06-14,272137.3536797653,-60569.551682812795,592356.1342023249
